seed,result
1988,0.9314542363632548
1989,0.9261677558272042
