seed,result
1988,0.7632435348685616
1989,0.7476835018414694
