seed,result
1988,0.9284418869652926
1989,0.8701032531597591
