seed,result
1988,0.7887589984678993
1989,0.7428399989629002
