seed,result
1988,0.9188912578904417
1989,0.8699760849730416
