seed,result
1988,0.9379388122701386
1989,0.8708039128292945
