seed,result
1988,0.937151156976737
1989,0.8961480385850502
