seed,result
1988,0.9380363432547449
1989,0.8710576318814349
