seed,result
1988,0.8183812572608113
1989,0.8199471326043181
