seed,result
1988,0.8057614885944304
1989,0.7392718818792742
