seed,result
1988,0.9129011270384284
1989,0.8391618752245507
