seed,result
1988,"{'mcc': 0.698980032036173, 'tp': 756, 'tn': 773, 'fp': 128, 'fn': 143, 'acc': 0.8494444444444444}"
