seed,result
1988,"{'mcc': 0.6837556430328057, 'tp': 846, 'tn': 655, 'fp': 246, 'fn': 53, 'acc': 0.8338888888888889}"
1989,"{'mcc': 0.6435183556375507, 'tp': 806, 'tn': 668, 'fp': 225, 'fn': 101, 'acc': 0.8188888888888889}"
