seed,result
1988,"{'mcc': 0.698980032036173, 'tp': 756, 'tn': 773, 'fp': 128, 'fn': 143, 'acc': 0.8494444444444444}"
1989,"{'mcc': 0.49840281317118185, 'tp': 547, 'tn': 783, 'fp': 110, 'fn': 360, 'acc': 0.7388888888888889}"
